year,race,driver,fastest_lap,avg_lap,stints,pitstops,laps_completed,track_affinity,team_strength,momentum,final_position
2023,Bahrain Grand Prix,VER,96.236,97.495882,3,0,57.0,0.1,0.5,0.599999640000216,1
2023,Bahrain Grand Prix,GAS,95.068,97.946863,4,0,57.0,0.1,0.7,0.09999999000000101,9
2023,Bahrain Grand Prix,PER,96.344,97.73549,3,0,57.0,0.1,0.5,0.09999999000000101,2
2023,Bahrain Grand Prix,ALO,96.156,98.07356,3,0,57.0,0.1,0.8,0.21428566836735677,3
2023,Bahrain Grand Prix,LEC,97.17,98.413714,3,0,39.0,0.1,0.85,0.16666663888889352,3
2023,Bahrain Grand Prix,STR,96.546,98.238125,3,0,57.0,0.1,0.8,0.09999999000000101,6
2023,Bahrain Grand Prix,SAR,96.037,98.491048,4,0,56.0,0.1,0.5,0.09999999000000101,12
2023,Bahrain Grand Prix,MAG,96.471,98.22475,3,0,56.0,0.1,0.5,0.09999999000000101,13
2023,Bahrain Grand Prix,DEV,97.709,99.0452,3,0,56.0,0.1,0.4,0.09999999000000101,14
2023,Bahrain Grand Prix,TSU,96.637,98.338681,4,0,57.0,0.1,0.4,0.09999999000000101,11
2023,Bahrain Grand Prix,ALB,97.144,98.416954,4,0,57.0,0.1,0.5,0.09999999000000101,10
2023,Bahrain Grand Prix,ZHO,93.996,98.711567,3,0,56.0,0.1,0.4,0.09999999000000101,16
2023,Bahrain Grand Prix,HUL,96.616,98.415,4,0,56.0,0.1,0.5,0.09999999000000101,15
2023,Bahrain Grand Prix,OCO,96.797,99.079392,4,0,39.0,0.1,0.7,0.09999999000000101,18
2023,Bahrain Grand Prix,NOR,95.257,98.19321,6,0,54.0,0.1,0.75,0.09999999000000101,17
2023,Bahrain Grand Prix,HAM,96.546,98.29978,3,0,57.0,0.1,0.9,0.2727271983471277,5
2023,Bahrain Grand Prix,SAI,97.13,98.325705,3,0,57.0,0.1,0.85,0.11111109876543349,4
2023,Bahrain Grand Prix,RUS,97.035,98.280979,3,0,57.0,0.1,0.9,0.29999991000002696,7
2023,Bahrain Grand Prix,BOT,97.379,98.625791,3,0,57.0,0.1,0.4,0.09999999000000101,8
2023,Saudi Arabian Grand Prix,VER,91.906,93.845847,2,0,50.0,0.1,0.5,0.599999640000216,2
2023,Saudi Arabian Grand Prix,GAS,93.392,95.026785,2,0,50.0,0.1,0.7,0.09999999000000101,9
2023,Saudi Arabian Grand Prix,PER,92.188,93.54051,2,0,50.0,0.1,0.5,0.09999999000000101,1
2023,Saudi Arabian Grand Prix,ALO,92.24,94.095723,2,0,50.0,0.1,0.8,0.21428566836735677,3
2023,Saudi Arabian Grand Prix,LEC,93.056,94.756311,2,0,50.0,0.1,0.85,0.16666663888889352,7
2023,Saudi Arabian Grand Prix,STR,95.14,95.787923,2,0,16.0,0.1,0.8,0.09999999000000101,10
2023,Saudi Arabian Grand Prix,SAR,94.469,95.924093,2,0,50.0,0.1,0.5,0.09999999000000101,16
2023,Saudi Arabian Grand Prix,MAG,93.374,95.228333,2,0,50.0,0.1,0.5,0.09999999000000101,10
2023,Saudi Arabian Grand Prix,DEV,93.609,95.651,2,0,50.0,0.1,0.4,0.09999999000000101,14
2023,Saudi Arabian Grand Prix,TSU,93.931,95.512044,2,0,50.0,0.1,0.4,0.09999999000000101,11
2023,Saudi Arabian Grand Prix,ALB,95.567,96.627,2,0,26.0,0.1,0.5,0.09999999000000101,15
2023,Saudi Arabian Grand Prix,ZHO,93.894,95.441571,3,0,50.0,0.1,0.4,0.09999999000000101,13
2023,Saudi Arabian Grand Prix,HUL,93.78,95.457095,2,0,50.0,0.1,0.5,0.09999999000000101,12
2023,Saudi Arabian Grand Prix,OCO,93.222,95.059818,2,0,50.0,0.1,0.7,0.09999999000000101,8
2023,Saudi Arabian Grand Prix,NOR,94.122,95.632309,2,0,50.0,0.1,0.75,0.09999999000000101,17
2023,Saudi Arabian Grand Prix,HAM,92.941,94.632521,2,0,50.0,0.1,0.9,0.2727271983471277,5
2023,Saudi Arabian Grand Prix,SAI,92.822,94.593886,2,0,50.0,0.1,0.85,0.11111109876543349,6
2023,Saudi Arabian Grand Prix,RUS,92.433,94.278869,2,0,50.0,0.1,0.9,0.29999991000002696,4
2023,Saudi Arabian Grand Prix,BOT,94.384,96.189055,4,0,49.0,0.1,0.4,0.09999999000000101,18
2023,Saudi Arabian Grand Prix,PIA,94.287,95.562883,1,0,50.0,0.1,0.75,0.09999999000000101,15
2023,Australian Grand Prix,VER,80.342,81.862159,2,0,53.0,0.1,0.5,0.599999640000216,1
2023,Australian Grand Prix,GAS,80.995,82.288818,2,0,53.0,0.1,0.7,0.09999999000000101,5
2023,Australian Grand Prix,PER,80.235,82.119697,2,0,53.0,0.1,0.5,0.09999999000000101,7
2023,Australian Grand Prix,ALO,80.476,82.085568,2,0,53.0,0.1,0.8,0.21428566836735677,3
2023,Australian Grand Prix,STR,80.934,82.263704,2,0,53.0,0.1,0.8,0.09999999000000101,6
2023,Australian Grand Prix,SAR,81.456,83.712219,3,0,52.0,0.1,0.5,0.09999999000000101,16
2023,Australian Grand Prix,MAG,81.685,83.161558,2,0,52.0,0.1,0.5,0.09999999000000101,12
2023,Australian Grand Prix,DEV,81.183,83.799153,3,0,52.0,0.1,0.4,0.09999999000000101,17
2023,Australian Grand Prix,TSU,81.789,83.370627,2,0,52.0,0.1,0.4,0.09999999000000101,14
2023,Australian Grand Prix,ALB,83.349,83.771666,1,0,6.0,0.1,0.5,0.09999999000000101,6
2023,Australian Grand Prix,ZHO,81.819,83.234162,2,0,52.0,0.1,0.4,0.09999999000000101,13
2023,Australian Grand Prix,HUL,81.124,82.573568,2,0,53.0,0.1,0.5,0.09999999000000101,9
2023,Australian Grand Prix,OCO,81.203,82.578409,2,0,53.0,0.1,0.7,0.09999999000000101,10
2023,Australian Grand Prix,NOR,81.173,82.492795,2,0,53.0,0.1,0.75,0.09999999000000101,8
2023,Australian Grand Prix,HAM,80.613,82.084022,2,0,53.0,0.1,0.9,0.2727271983471277,2
2023,Australian Grand Prix,SAI,80.467,82.051113,2,0,53.0,0.1,0.85,0.11111109876543349,4
2023,Australian Grand Prix,RUS,82.68,83.305555,2,0,16.0,0.1,0.9,0.29999991000002696,4
2023,Australian Grand Prix,BOT,82.233,83.417097,2,0,52.0,0.1,0.4,0.09999999000000101,15
2023,Australian Grand Prix,PIA,81.335,82.887295,2,0,53.0,0.1,0.75,0.09999999000000101,11
2023,Azerbaijan Grand Prix,VER,104.232,105.786404,2,0,51.0,0.1,0.5,0.599999640000216,2
2023,Azerbaijan Grand Prix,GAS,105.54,107.134731,3,0,51.0,0.1,0.7,0.09999999000000101,14
2023,Azerbaijan Grand Prix,PER,104.589,105.666659,2,0,51.0,0.1,0.5,0.09999999000000101,1
2023,Azerbaijan Grand Prix,ALO,104.241,106.261297,2,0,51.0,0.1,0.8,0.21428566836735677,4
2023,Azerbaijan Grand Prix,LEC,104.561,106.289375,2,0,51.0,0.1,0.85,0.16666663888889352,3
2023,Azerbaijan Grand Prix,STR,105.627,106.89534,2,0,51.0,0.1,0.8,0.09999999000000101,7
2023,Azerbaijan Grand Prix,SAR,106.501,107.926441,2,0,51.0,0.1,0.5,0.09999999000000101,16
2023,Azerbaijan Grand Prix,MAG,105.85,107.703488,2,0,51.0,0.1,0.5,0.09999999000000101,13
2023,Azerbaijan Grand Prix,DEV,108.781,109.32325,1,0,9.0,0.1,0.4,0.09999999000000101,12
2023,Azerbaijan Grand Prix,TSU,105.727,107.495,2,0,51.0,0.1,0.4,0.09999999000000101,10
2023,Azerbaijan Grand Prix,ALB,105.925,107.616976,2,0,51.0,0.1,0.5,0.09999999000000101,12
2023,Azerbaijan Grand Prix,ZHO,107.553,108.518666,2,0,35.0,0.1,0.4,0.09999999000000101,16
2023,Azerbaijan Grand Prix,HUL,106.731,107.924738,1,0,48.0,0.1,0.5,0.09999999000000101,14
2023,Azerbaijan Grand Prix,OCO,105.908,107.630302,1,0,49.0,0.1,0.7,0.09999999000000101,9
2023,Azerbaijan Grand Prix,NOR,105.738,107.412568,2,0,51.0,0.1,0.75,0.09999999000000101,9
2023,Azerbaijan Grand Prix,HAM,105.346,106.688555,2,0,51.0,0.1,0.9,0.2727271983471277,6
2023,Azerbaijan Grand Prix,SAI,105.175,106.722361,2,0,51.0,0.1,0.85,0.11111109876543349,5
2023,Azerbaijan Grand Prix,RUS,103.37,106.9182,3,0,51.0,0.1,0.9,0.29999991000002696,8
2023,Azerbaijan Grand Prix,BOT,106.304,108.026,4,0,50.0,0.1,0.4,0.09999999000000101,18
2023,Azerbaijan Grand Prix,PIA,105.631,107.580116,2,0,51.0,0.1,0.75,0.09999999000000101,11
2023,Miami Grand Prix,VER,89.708,91.825345,2,0,57.0,0.1,0.5,0.599999640000216,1
2023,Miami Grand Prix,PER,90.56,91.902685,2,0,57.0,0.1,0.5,0.09999999000000101,2
2023,Miami Grand Prix,ALO,90.519,92.277129,2,0,57.0,0.1,0.8,0.21428566836735677,3
2023,Miami Grand Prix,RUS,91.015,92.342666,2,0,57.0,0.1,0.9,0.29999991000002696,4
2023,Miami Grand Prix,SAI,91.362,92.478314,2,0,57.0,0.1,0.85,0.11111109876543349,5
2023,Miami Grand Prix,HAM,90.669,92.633685,2,0,57.0,0.1,0.9,0.2727271983471277,6
2023,Miami Grand Prix,LEC,91.434,92.684314,2,0,57.0,0.1,0.85,0.16666663888889352,7
2023,Miami Grand Prix,GAS,91.971,92.753555,2,0,57.0,0.1,0.7,0.09999999000000101,8
2023,Miami Grand Prix,OCO,91.143,92.79524,2,0,57.0,0.1,0.7,0.09999999000000101,9
2023,Miami Grand Prix,MAG,91.691,92.856203,2,0,57.0,0.1,0.5,0.09999999000000101,10
2023,Miami Grand Prix,TSU,91.038,92.83874,2,0,57.0,0.1,0.4,0.09999999000000101,11
2023,Miami Grand Prix,STR,90.862,92.832981,2,0,57.0,0.1,0.8,0.09999999000000101,12
2023,Miami Grand Prix,BOT,91.838,92.971444,2,0,57.0,0.1,0.4,0.09999999000000101,13
2023,Miami Grand Prix,ALB,91.852,92.979777,2,0,57.0,0.1,0.5,0.09999999000000101,14
2023,Miami Grand Prix,HUL,90.901,92.999425,2,0,57.0,0.1,0.5,0.09999999000000101,15
2023,Miami Grand Prix,ZHO,91.736,93.060518,2,0,57.0,0.1,0.4,0.09999999000000101,16
2023,Miami Grand Prix,NOR,92.401,93.127796,2,0,57.0,0.1,0.75,0.09999999000000101,17
2023,Miami Grand Prix,DEV,91.562,93.149481,2,0,57.0,0.1,0.4,0.09999999000000101,18
2023,Miami Grand Prix,PIA,92.006,93.672519,2,0,56.0,0.1,0.75,0.09999999000000101,19
2023,Miami Grand Prix,SAR,92.384,93.378679,1,0,56.0,0.1,0.5,0.09999999000000101,20
2023,Monaco Grand Prix,VER,76.604,77.40702,1,0,51.0,0.1,0.5,0.599999640000216,1
2023,Monaco Grand Prix,GAS,75.831,77.986734,2,1,51.0,0.1,0.7,0.09999999000000101,8
2023,Monaco Grand Prix,PER,76.269,78.369644,2,2,49.0,0.1,0.5,0.09999999000000101,19
2023,Monaco Grand Prix,ALO,76.674,77.61012,1,0,51.0,0.1,0.8,0.21428566836735677,2
2023,Monaco Grand Prix,LEC,75.773,77.924571,2,1,51.0,0.1,0.85,0.16666663888889352,7
2023,Monaco Grand Prix,STR,77.769,79.237021,1,0,50.0,0.1,0.8,0.09999999000000101,15
2023,Monaco Grand Prix,SAR,77.302,78.988717,3,1,48.0,0.1,0.5,0.09999999000000101,20
2023,Monaco Grand Prix,MAG,78.351,79.332041,1,0,50.0,0.1,0.5,0.09999999000000101,14
2023,Monaco Grand Prix,DEV,77.561,79.152937,1,0,50.0,0.1,0.4,0.09999999000000101,12
2023,Monaco Grand Prix,TSU,77.68,78.616937,1,0,50.0,0.1,0.4,0.09999999000000101,9
2023,Monaco Grand Prix,ALB,76.672,79.013533,2,0,50.0,0.1,0.5,0.09999999000000101,18
2023,Monaco Grand Prix,ZHO,76.926,78.843088,1,1,49.0,0.1,0.4,0.09999999000000101,17
2023,Monaco Grand Prix,HUL,76.991,78.700953,1,1,50.0,0.1,0.5,0.09999999000000101,16
2023,Monaco Grand Prix,OCO,76.528,77.844755,2,1,51.0,0.1,0.7,0.09999999000000101,4
2023,Monaco Grand Prix,NOR,77.844,78.712,1,0,49.0,0.1,0.75,0.09999999000000101,10
2023,Monaco Grand Prix,HAM,75.65,77.847551,2,1,51.0,0.1,0.9,0.2727271983471277,6
2023,Monaco Grand Prix,SAI,76.449,77.873673,2,1,51.0,0.1,0.85,0.11111109876543349,5
2023,Monaco Grand Prix,RUS,76.798,77.988081,1,0,51.0,0.1,0.9,0.29999991000002696,3
2023,Monaco Grand Prix,BOT,77.824,79.302755,1,0,50.0,0.1,0.4,0.09999999000000101,13
2023,Monaco Grand Prix,PIA,77.513,78.764808,1,0,50.0,0.1,0.75,0.09999999000000101,10
2023,Spanish Grand Prix,VER,76.33,79.207459,3,0,66.0,0.1,0.5,0.599999640000216,1
2023,Spanish Grand Prix,HAM,76.676,79.4767,3,0,66.0,0.1,0.9,0.2727271983471277,2
2023,Spanish Grand Prix,RUS,77.875,79.6111,3,0,66.0,0.1,0.9,0.29999991000002696,3
2023,Spanish Grand Prix,PER,76.666,79.584086,3,0,66.0,0.1,0.5,0.09999999000000101,4
2023,Spanish Grand Prix,SAI,78.403,79.81375,3,0,66.0,0.1,0.85,0.11111109876543349,5
2023,Spanish Grand Prix,STR,78.722,80.039916,3,0,66.0,0.1,0.8,0.09999999000000101,6
2023,Spanish Grand Prix,ALO,78.083,80.029775,3,0,66.0,0.1,0.8,0.21428566836735677,7
2023,Spanish Grand Prix,OCO,78.946,80.071741,3,0,66.0,0.1,0.7,0.09999999000000101,8
2023,Spanish Grand Prix,ZHO,78.753,80.013947,3,0,66.0,0.1,0.4,0.09999999000000101,10
2023,Spanish Grand Prix,GAS,78.375,79.950714,3,0,66.0,0.1,0.7,0.09999999000000101,11
2023,Spanish Grand Prix,LEC,78.357,79.892203,3,0,66.0,0.1,0.85,0.16666663888889352,12
2023,Spanish Grand Prix,TSU,78.904,80.05062,3,0,66.0,0.1,0.4,0.09999999000000101,9
2023,Spanish Grand Prix,PIA,78.679,80.177339,3,0,65.0,0.1,0.75,0.09999999000000101,13
2023,Spanish Grand Prix,DEV,78.594,80.135339,3,0,65.0,0.1,0.4,0.09999999000000101,14
2023,Spanish Grand Prix,HUL,78.776,79.788632,4,0,65.0,0.1,0.5,0.09999999000000101,15
2023,Spanish Grand Prix,ALB,79.133,80.103288,2,0,65.0,0.1,0.5,0.09999999000000101,16
2023,Spanish Grand Prix,NOR,77.182,79.950039,3,0,65.0,0.1,0.75,0.09999999000000101,17
2023,Spanish Grand Prix,MAG,78.069,80.026851,4,0,63.0,0.1,0.5,0.09999999000000101,17
2023,Spanish Grand Prix,BOT,78.242,80.406488,2,0,65.0,0.1,0.4,0.09999999000000101,19
2023,Spanish Grand Prix,SAR,79.247,80.32935,3,0,65.0,0.1,0.5,0.09999999000000101,20
2023,Canadian Grand Prix,VER,75.594,76.645419,3,1,70.0,0.1,0.5,0.599999640000216,1
2023,Canadian Grand Prix,GAS,76.425,77.595551,3,0,70.0,0.1,0.7,0.09999999000000101,13
2023,Canadian Grand Prix,PER,74.481,77.266847,3,0,70.0,0.1,0.5,0.09999999000000101,6
2023,Canadian Grand Prix,ALO,75.779,76.817177,3,1,70.0,0.1,0.8,0.21428566836735677,2
2023,Canadian Grand Prix,LEC,75.907,77.016266,2,0,70.0,0.1,0.85,0.16666663888889352,4
2023,Canadian Grand Prix,STR,76.564,77.623135,3,0,70.0,0.1,0.8,0.09999999000000101,10
2023,Canadian Grand Prix,SAR,78.437,79.05625,1,0,6.0,0.1,0.5,0.09999999000000101,18
2023,Canadian Grand Prix,MAG,76.126,77.909074,3,0,69.0,0.1,0.5,0.09999999000000101,17
2023,Canadian Grand Prix,DEV,76.656,78.08949,3,0,69.0,0.1,0.4,0.09999999000000101,18
2023,Canadian Grand Prix,TSU,76.666,77.679983,1,0,70.0,0.1,0.4,0.09999999000000101,14
2023,Canadian Grand Prix,ALB,76.917,77.96208,2,0,70.0,0.1,0.5,0.09999999000000101,7
2023,Canadian Grand Prix,ZHO,77.09,78.101263,3,0,69.0,0.1,0.4,0.09999999000000101,16
2023,Canadian Grand Prix,HUL,77.232,78.185586,3,1,69.0,0.1,0.5,0.09999999000000101,15
2023,Canadian Grand Prix,OCO,76.782,77.6062,3,0,70.0,0.1,0.7,0.09999999000000101,8
2023,Canadian Grand Prix,NOR,76.374,77.643465,3,0,70.0,0.1,0.75,0.09999999000000101,9
2023,Canadian Grand Prix,HAM,75.396,76.842557,3,0,70.0,0.1,0.9,0.2727271983471277,3
2023,Canadian Grand Prix,SAI,75.911,77.092639,2,0,70.0,0.1,0.85,0.11111109876543349,5
2023,Canadian Grand Prix,RUS,77.097,77.985911,2,0,53.0,0.1,0.9,0.29999991000002696,8
2023,Canadian Grand Prix,BOT,76.625,77.732101,2,1,70.0,0.1,0.4,0.09999999000000101,11
2023,Canadian Grand Prix,PIA,76.598,77.663305,3,0,70.0,0.1,0.75,0.09999999000000101,12
2023,Austrian Grand Prix,VER,67.012,69.308508,4,0,71.0,0.1,0.5,0.599999640000216,1
2023,Austrian Grand Prix,GAS,69.046,70.394416,3,0,71.0,0.1,0.7,0.09999999000000101,9
2023,Austrian Grand Prix,PER,68.111,69.794583,3,0,71.0,0.1,0.5,0.09999999000000101,3
2023,Austrian Grand Prix,ALO,69.108,70.134693,3,0,71.0,0.1,0.8,0.21428566836735677,6
2023,Austrian Grand Prix,LEC,68.82,69.859079,3,0,71.0,0.1,0.85,0.16666663888889352,2
2023,Austrian Grand Prix,STR,68.463,70.076105,4,0,71.0,0.1,0.8,0.09999999000000101,10
2023,Austrian Grand Prix,SAR,69.611,70.782716,3,0,70.0,0.1,0.5,0.09999999000000101,13
2023,Austrian Grand Prix,MAG,70.176,70.855433,2,0,70.0,0.1,0.5,0.09999999000000101,19
2023,Austrian Grand Prix,DEV,69.852,70.818625,3,0,70.0,0.1,0.4,0.09999999000000101,15
2023,Austrian Grand Prix,TSU,69.62,70.67038,3,0,70.0,0.1,0.4,0.09999999000000101,17
2023,Austrian Grand Prix,ALB,69.56,70.60161,3,0,71.0,0.1,0.5,0.09999999000000101,11
2023,Austrian Grand Prix,ZHO,69.786,70.7373,3,0,70.0,0.1,0.4,0.09999999000000101,14
2023,Austrian Grand Prix,HUL,71.066,71.2682,1,0,10.0,0.1,0.5,0.09999999000000101,8
2023,Austrian Grand Prix,OCO,69.797,70.743813,3,0,70.0,0.1,0.7,0.09999999000000101,12
2023,Austrian Grand Prix,NOR,68.739,70.160593,3,0,71.0,0.1,0.75,0.09999999000000101,5
2023,Austrian Grand Prix,HAM,69.16,70.265222,3,0,71.0,0.1,0.9,0.2727271983471277,7
2023,Austrian Grand Prix,SAI,68.88,69.908857,3,0,71.0,0.1,0.85,0.11111109876543349,4
2023,Austrian Grand Prix,RUS,69.283,70.38177,3,0,71.0,0.1,0.9,0.29999991000002696,8
2023,Austrian Grand Prix,BOT,69.94,70.57234,3,0,70.0,0.1,0.4,0.09999999000000101,16
2023,Austrian Grand Prix,PIA,69.862,70.783094,4,0,70.0,0.1,0.75,0.09999999000000101,18
2023,British Grand Prix,VER,90.275,92.063644,2,0,52.0,0.1,0.5,0.599999640000216,1
2023,British Grand Prix,GAS,91.539,93.310444,2,0,44.0,0.1,0.7,0.09999999000000101,11
2023,British Grand Prix,PER,90.914,92.731813,2,0,52.0,0.1,0.5,0.09999999000000101,6
2023,British Grand Prix,ALO,91.338,92.967181,2,0,52.0,0.1,0.8,0.21428566836735677,7
2023,British Grand Prix,LEC,91.255,92.805295,3,0,52.0,0.1,0.85,0.16666663888889352,9
2023,British Grand Prix,STR,91.508,93.270045,2,0,52.0,0.1,0.8,0.09999999000000101,11
2023,British Grand Prix,SAR,91.699,93.318139,2,0,52.0,0.1,0.5,0.09999999000000101,12
2023,British Grand Prix,MAG,93.356,94.3378,1,0,31.0,0.1,0.5,0.09999999000000101,14
2023,British Grand Prix,DEV,92.353,93.561372,3,0,52.0,0.1,0.4,0.09999999000000101,17
2023,British Grand Prix,TSU,92.084,93.41972,3,0,52.0,0.1,0.4,0.09999999000000101,16
2023,British Grand Prix,ALB,91.273,93.064931,2,0,52.0,0.1,0.5,0.09999999000000101,8
2023,British Grand Prix,ZHO,91.769,93.482116,3,0,52.0,0.1,0.4,0.09999999000000101,15
2023,British Grand Prix,HUL,91.776,93.340744,3,0,52.0,0.1,0.5,0.09999999000000101,14
2023,British Grand Prix,OCO,93.846,94.229375,1,0,9.0,0.1,0.7,0.09999999000000101,12
2023,British Grand Prix,NOR,90.543,92.442434,2,0,52.0,0.1,0.75,0.09999999000000101,2
2023,British Grand Prix,HAM,90.545,92.634244,2,0,52.0,0.1,0.9,0.2727271983471277,3
2023,British Grand Prix,SAI,91.366,92.815767,2,0,52.0,0.1,0.85,0.11111109876543349,10
2023,British Grand Prix,RUS,91.124,92.567813,2,0,52.0,0.1,0.9,0.29999991000002696,5
2023,British Grand Prix,BOT,91.852,93.484279,2,0,52.0,0.1,0.4,0.09999999000000101,13
2023,British Grand Prix,PIA,90.85,92.424279,2,0,52.0,0.1,0.75,0.09999999000000101,4
2023,Hungarian Grand Prix,VER,80.504,83.425092,3,0,70.0,0.1,0.5,0.599999640000216,1
2023,Hungarian Grand Prix,NOR,82.178,83.952969,3,0,70.0,0.1,0.75,0.09999999000000101,2
2023,Hungarian Grand Prix,PER,82.295,83.809532,3,0,70.0,0.1,0.5,0.09999999000000101,3
2023,Hungarian Grand Prix,HAM,81.601,83.938446,3,0,70.0,0.1,0.9,0.2727271983471277,4
2023,Hungarian Grand Prix,PIA,82.736,84.360323,3,0,70.0,0.1,0.75,0.09999999000000101,5
2023,Hungarian Grand Prix,RUS,82.158,84.162645,3,0,70.0,0.1,0.9,0.29999991000002696,7
2023,Hungarian Grand Prix,LEC,82.469,84.271046,3,0,70.0,0.1,0.85,0.16666663888889352,6
2023,Hungarian Grand Prix,SAI,82.584,84.331619,3,0,70.0,0.1,0.85,0.11111109876543349,8
2023,Hungarian Grand Prix,ALO,82.745,84.316887,3,0,70.0,0.1,0.8,0.21428566836735677,9
2023,Hungarian Grand Prix,STR,83.425,84.562448,3,0,69.0,0.1,0.8,0.09999999000000101,10
2023,Hungarian Grand Prix,ALB,84.051,84.864716,3,0,69.0,0.1,0.5,0.09999999000000101,11
2023,Hungarian Grand Prix,BOT,83.651,84.821457,3,0,69.0,0.1,0.4,0.09999999000000101,12
2023,Hungarian Grand Prix,RIC,83.934,84.647788,3,0,68.0,0.1,0.4,0.09999999000000101,13
2023,Hungarian Grand Prix,HUL,83.573,85.144166,3,0,69.0,0.1,0.5,0.09999999000000101,14
2023,Hungarian Grand Prix,TSU,83.269,85.120724,3,0,69.0,0.1,0.4,0.09999999000000101,15
2023,Hungarian Grand Prix,ZHO,83.743,85.092785,3,0,69.0,0.1,0.4,0.09999999000000101,16
2023,Hungarian Grand Prix,MAG,83.864,85.13639,3,0,69.0,0.1,0.5,0.09999999000000101,17
2023,Hungarian Grand Prix,SAR,83.496,84.956416,3,0,66.0,0.1,0.5,0.09999999000000101,15
2023,Belgian Grand Prix,VER,108.922,111.338861,3,0,44.0,0.1,0.5,0.599999640000216,1
2023,Belgian Grand Prix,PER,110.308,111.903837,3,0,44.0,0.1,0.5,0.09999999000000101,2
2023,Belgian Grand Prix,LEC,110.436,112.195945,3,0,44.0,0.1,0.85,0.16666663888889352,3
2023,Belgian Grand Prix,HAM,107.305,112.015764,4,0,44.0,0.1,0.9,0.2727271983471277,4
2023,Belgian Grand Prix,ALO,110.938,112.463888,3,0,44.0,0.1,0.8,0.21428566836735677,5
2023,Belgian Grand Prix,RUS,110.603,112.568636,2,0,44.0,0.1,0.9,0.29999991000002696,6
2023,Belgian Grand Prix,NOR,111.682,112.727794,3,0,44.0,0.1,0.75,0.09999999000000101,7
2023,Belgian Grand Prix,OCO,110.439,112.395733,3,0,44.0,0.1,0.7,0.09999999000000101,8
2023,Belgian Grand Prix,STR,111.297,112.771741,2,0,44.0,0.1,0.8,0.09999999000000101,9
2023,Belgian Grand Prix,TSU,111.394,112.878212,3,0,44.0,0.1,0.4,0.09999999000000101,10
2023,Belgian Grand Prix,GAS,110.911,112.853766,2,0,44.0,0.1,0.7,0.09999999000000101,11
2023,Belgian Grand Prix,BOT,110.515,112.718241,2,0,44.0,0.1,0.4,0.09999999000000101,12
2023,Belgian Grand Prix,ZHO,110.188,112.727259,3,0,44.0,0.1,0.4,0.09999999000000101,13
2023,Belgian Grand Prix,ALB,109.841,112.601928,4,0,44.0,0.1,0.5,0.09999999000000101,14
2023,Belgian Grand Prix,MAG,110.993,113.349967,3,0,44.0,0.1,0.5,0.09999999000000101,15
2023,Belgian Grand Prix,RIC,110.994,112.988322,3,0,44.0,0.1,0.4,0.09999999000000101,16
2023,Belgian Grand Prix,SAR,110.236,112.397347,4,0,44.0,0.1,0.5,0.09999999000000101,17
2023,Belgian Grand Prix,HUL,109.907,113.162692,3,0,41.0,0.1,0.5,0.09999999000000101,16
2023,Belgian Grand Prix,SAI,113.138,113.999,2,0,10.0,0.1,0.85,0.11111109876543349,17
2023,Dutch Grand Prix,VER,73.889,75.406097,2,0,60.0,0.1,0.5,0.599999640000216,1
2023,Dutch Grand Prix,GAS,74.441,75.818564,2,0,59.0,0.1,0.7,0.09999999000000101,5
2023,Dutch Grand Prix,PER,74.231,75.6251,2,0,60.0,0.1,0.5,0.09999999000000101,2
2023,Dutch Grand Prix,ALO,73.837,75.668243,2,0,60.0,0.1,0.8,0.21428566836735677,3
2023,Dutch Grand Prix,LEC,77.277,77.81435,1,0,40.0,0.1,0.85,0.16666663888889352,16
2023,Dutch Grand Prix,STR,75.171,76.58735,3,0,59.0,0.1,0.8,0.09999999000000101,14
2023,Dutch Grand Prix,SAR,77.399,77.970333,1,0,14.0,0.1,0.5,0.09999999000000101,20
2023,Dutch Grand Prix,MAG,75.489,76.9192,2,0,59.0,0.1,0.5,0.09999999000000101,16
2023,Dutch Grand Prix,TSU,76.253,76.98325,1,0,59.0,0.1,0.4,0.09999999000000101,12
2023,Dutch Grand Prix,ALB,74.468,76.121095,2,0,60.0,0.1,0.5,0.09999999000000101,6
2023,Dutch Grand Prix,ZHO,75.417,76.680025,2,0,59.0,0.1,0.4,0.09999999000000101,13
2023,Dutch Grand Prix,HUL,74.472,76.683487,3,0,59.0,0.1,0.5,0.09999999000000101,15
2023,Dutch Grand Prix,OCO,74.57,76.196975,2,0,60.0,0.1,0.7,0.09999999000000101,7
2023,Dutch Grand Prix,NOR,74.39,76.129871,2,0,59.0,0.1,0.75,0.09999999000000101,10
2023,Dutch Grand Prix,LAW,74.82,77.027871,3,0,58.0,0.1,0.4,0.09999999000000101,18
2023,Dutch Grand Prix,HAM,73.904,76.123525,2,0,59.0,0.1,0.9,0.2727271983471277,7
2023,Dutch Grand Prix,SAI,74.934,75.980425,2,0,59.0,0.1,0.85,0.11111109876543349,4
2023,Dutch Grand Prix,RUS,75.124,76.562261,2,0,59.0,0.1,0.9,0.29999991000002696,9
2023,Dutch Grand Prix,BOT,74.698,76.994725,3,0,58.0,0.1,0.4,0.09999999000000101,17
2023,Dutch Grand Prix,PIA,74.299,76.11025,3,0,59.0,0.1,0.75,0.09999999000000101,11
2023,Italian Grand Prix,VER,85.24,86.30966,2,0,51.0,0.1,0.5,0.599999640000216,1
2023,Italian Grand Prix,GAS,85.758,87.060755,3,0,50.0,0.1,0.7,0.09999999000000101,15
2023,Italian Grand Prix,PER,85.522,86.43958,2,0,51.0,0.1,0.5,0.09999999000000101,2
2023,Italian Grand Prix,ALO,86.105,86.967666,2,0,51.0,0.1,0.8,0.21428566836735677,9
2023,Italian Grand Prix,LEC,85.58,86.439244,2,0,51.0,0.1,0.85,0.16666663888889352,4
2023,Italian Grand Prix,STR,86.617,87.56413,2,0,50.0,0.1,0.8,0.09999999000000101,16
2023,Italian Grand Prix,SAR,86.84,87.476148,2,0,50.0,0.1,0.5,0.09999999000000101,13
2023,Italian Grand Prix,MAG,86.278,87.446955,3,0,50.0,0.1,0.5,0.09999999000000101,18
2023,Italian Grand Prix,ALB,86.389,87.068224,2,0,51.0,0.1,0.5,0.09999999000000101,7
2023,Italian Grand Prix,ZHO,85.983,87.094977,3,0,50.0,0.1,0.4,0.09999999000000101,14
2023,Italian Grand Prix,HUL,85.894,87.319266,3,0,50.0,0.1,0.5,0.09999999000000101,17
2023,Italian Grand Prix,OCO,86.963,87.766885,2,0,38.0,0.1,0.7,0.09999999000000101,15
2023,Italian Grand Prix,NOR,86.144,87.023958,2,0,51.0,0.1,0.75,0.09999999000000101,8
2023,Italian Grand Prix,LAW,85.842,86.957466,3,0,50.0,0.1,0.4,0.09999999000000101,12
2023,Italian Grand Prix,HAM,85.582,86.825104,2,0,51.0,0.1,0.9,0.2727271983471277,6
2023,Italian Grand Prix,SAI,85.501,86.401265,2,0,51.0,0.1,0.85,0.11111109876543349,3
2023,Italian Grand Prix,RUS,85.847,86.570938,2,0,51.0,0.1,0.9,0.29999991000002696,5
2023,Italian Grand Prix,BOT,85.988,87.317553,2,0,50.0,0.1,0.4,0.09999999000000101,10
2023,Italian Grand Prix,PIA,85.072,86.874456,3,0,50.0,0.1,0.75,0.09999999000000101,11
2023,Singapore Grand Prix,VER,96.575,99.585961,2,0,62.0,0.1,0.5,0.599999640000216,5
2023,Singapore Grand Prix,GAS,98.277,100.39032,2,0,62.0,0.1,0.7,0.09999999000000101,6
2023,Singapore Grand Prix,PER,97.108,100.08584,2,0,62.0,0.1,0.5,0.09999999000000101,8
2023,Singapore Grand Prix,ALO,96.456,100.03438,3,0,61.0,0.1,0.8,0.21428566836735677,16
2023,Singapore Grand Prix,LEC,98.275,99.885481,2,0,62.0,0.1,0.85,0.16666663888889352,4
2023,Singapore Grand Prix,SAR,98.531,100.113296,3,0,61.0,0.1,0.5,0.09999999000000101,15
2023,Singapore Grand Prix,MAG,98.107,100.36245,3,0,62.0,0.1,0.5,0.09999999000000101,10
2023,Singapore Grand Prix,ALB,97.342,100.355903,3,0,62.0,0.1,0.5,0.09999999000000101,11
2023,Singapore Grand Prix,ZHO,99.316,100.796425,2,0,62.0,0.1,0.4,0.09999999000000101,12
2023,Singapore Grand Prix,HUL,99.923,100.965875,2,0,59.0,0.1,0.5,0.09999999000000101,11
2023,Singapore Grand Prix,OCO,99.93,100.653742,2,0,42.0,0.1,0.7,0.09999999000000101,6
2023,Singapore Grand Prix,NOR,98.046,99.6124,2,0,62.0,0.1,0.75,0.09999999000000101,2
2023,Singapore Grand Prix,LAW,99.028,100.873584,2,0,62.0,0.1,0.4,0.09999999000000101,9
2023,Singapore Grand Prix,HAM,95.867,99.168716,3,0,62.0,0.1,0.9,0.2727271983471277,3
2023,Singapore Grand Prix,SAI,97.666,99.607339,2,0,62.0,0.1,0.85,0.11111109876543349,1
2023,Singapore Grand Prix,RUS,96.273,99.374781,3,0,61.0,0.1,0.9,0.29999991000002696,3
2023,Singapore Grand Prix,BOT,98.075,100.855625,2,0,51.0,0.1,0.4,0.09999999000000101,15
2023,Singapore Grand Prix,PIA,98.492,100.401365,2,0,62.0,0.1,0.75,0.09999999000000101,7
2023,Japanese Grand Prix,VER,94.183,97.284444,3,0,53.0,0.1,0.5,0.599999640000216,1
2023,Japanese Grand Prix,NOR,95.247,97.593777,3,0,53.0,0.1,0.75,0.09999999000000101,2
2023,Japanese Grand Prix,PIA,96.328,98.165478,3,0,53.0,0.1,0.75,0.09999999000000101,3
2023,Japanese Grand Prix,LEC,96.362,98.186863,3,0,53.0,0.1,0.85,0.16666663888889352,4
2023,Japanese Grand Prix,HAM,95.611,98.198113,3,0,53.0,0.1,0.9,0.2727271983471277,5
2023,Japanese Grand Prix,SAI,96.187,98.302795,3,0,53.0,0.1,0.85,0.11111109876543349,6
2023,Japanese Grand Prix,RUS,97.653,98.880413,2,0,53.0,0.1,0.9,0.29999991000002696,7
2023,Japanese Grand Prix,ALO,97.203,98.59655,3,0,53.0,0.1,0.8,0.21428566836735677,8
2023,Japanese Grand Prix,OCO,97.398,99.039707,2,0,53.0,0.1,0.7,0.09999999000000101,9
2023,Japanese Grand Prix,GAS,96.371,98.601097,3,0,52.0,0.1,0.7,0.09999999000000101,9
2023,Japanese Grand Prix,LAW,98.267,99.127307,3,0,52.0,0.1,0.4,0.09999999000000101,11
2023,Japanese Grand Prix,TSU,97.768,99.231625,3,0,52.0,0.1,0.4,0.09999999000000101,12
2023,Japanese Grand Prix,ZHO,97.791,99.098289,3,0,52.0,0.1,0.4,0.09999999000000101,13
2023,Japanese Grand Prix,HUL,97.25,98.757487,4,0,52.0,0.1,0.5,0.09999999000000101,14
2023,Japanese Grand Prix,MAG,97.842,99.188875,3,0,52.0,0.1,0.5,0.09999999000000101,15
2023,Japanese Grand Prix,ALB,99.185,100.079307,2,0,25.0,0.1,0.5,0.09999999000000101,16
2023,Japanese Grand Prix,SAR,98.848,100.274444,1,0,19.0,0.1,0.5,0.09999999000000101,18
2023,Japanese Grand Prix,STR,99.05,99.975307,2,0,19.0,0.1,0.8,0.09999999000000101,12
2023,Japanese Grand Prix,PER,99.704,100.298666,1,0,10.0,0.1,0.5,0.09999999000000101,14
2023,Qatar Grand Prix,VER,84.319,87.172065,4,0,57.0,0.1,0.5,0.599999640000216,1
2023,Qatar Grand Prix,PIA,84.921,87.079177,4,0,57.0,0.1,0.75,0.09999999000000101,2
2023,Qatar Grand Prix,NOR,84.842,87.035704,4,0,57.0,0.1,0.75,0.09999999000000101,3
2023,Qatar Grand Prix,RUS,85.77,87.481441,4,0,57.0,0.1,0.9,0.29999991000002696,4
2023,Qatar Grand Prix,LEC,84.992,87.68375,4,0,57.0,0.1,0.85,0.16666663888889352,5
2023,Qatar Grand Prix,ALO,86.045,87.795931,4,0,57.0,0.1,0.8,0.21428566836735677,6
2023,Qatar Grand Prix,OCO,86.45,87.991333,3,0,57.0,0.1,0.7,0.09999999000000101,7
2023,Qatar Grand Prix,BOT,86.652,87.732606,3,0,57.0,0.1,0.4,0.09999999000000101,8
2023,Qatar Grand Prix,ZHO,86.323,87.852459,4,0,57.0,0.1,0.4,0.09999999000000101,12
2023,Qatar Grand Prix,PER,86.22,87.702894,4,0,57.0,0.1,0.5,0.09999999000000101,11
2023,Qatar Grand Prix,STR,86.352,87.9275,3,0,57.0,0.1,0.8,0.09999999000000101,9
2023,Qatar Grand Prix,GAS,85.793,87.901425,3,0,57.0,0.1,0.7,0.09999999000000101,10
2023,Qatar Grand Prix,ALB,86.666,87.980026,4,0,57.0,0.1,0.5,0.09999999000000101,13
2023,Qatar Grand Prix,MAG,87.067,88.127406,2,0,56.0,0.1,0.5,0.09999999000000101,14
2023,Qatar Grand Prix,TSU,87.174,88.623461,3,0,55.0,0.1,0.4,0.09999999000000101,15
2023,Qatar Grand Prix,HUL,86.444,88.18227,3,0,56.0,0.1,0.5,0.09999999000000101,16
2023,Qatar Grand Prix,LAW,87.113,88.633275,2,0,56.0,0.1,0.4,0.09999999000000101,17
2023,Qatar Grand Prix,SAR,87.983,89.09213,2,0,39.0,0.1,0.5,0.09999999000000101,17
2023,United States Grand Prix,VER,100.028,101.376566,3,0,56.0,0.1,0.5,0.599999640000216,1
2023,United States Grand Prix,NOR,99.985,101.663777,3,0,56.0,0.1,0.75,0.09999999000000101,3
2023,United States Grand Prix,SAI,100.034,101.755703,3,0,56.0,0.1,0.85,0.11111109876543349,4
2023,United States Grand Prix,PER,99.737,101.686735,3,0,56.0,0.1,0.5,0.09999999000000101,5
2023,United States Grand Prix,RUS,99.393,101.814452,3,0,56.0,0.1,0.9,0.29999991000002696,7
2023,United States Grand Prix,GAS,100.412,102.155269,3,0,56.0,0.1,0.7,0.09999999000000101,8
2023,United States Grand Prix,STR,99.908,102.058923,3,0,56.0,0.1,0.8,0.09999999000000101,9
2023,United States Grand Prix,TSU,98.139,102.253921,4,0,56.0,0.1,0.4,0.09999999000000101,10
2023,United States Grand Prix,ALB,101.318,102.703769,3,0,56.0,0.1,0.5,0.09999999000000101,11
2023,United States Grand Prix,SAR,101.238,102.730333,3,0,56.0,0.1,0.5,0.09999999000000101,12
2023,United States Grand Prix,HUL,100.925,102.744529,3,0,56.0,0.1,0.5,0.09999999000000101,13
2023,United States Grand Prix,BOT,101.972,102.973019,3,0,56.0,0.1,0.4,0.09999999000000101,14
2023,United States Grand Prix,ZHO,101.879,102.987583,3,0,54.0,0.1,0.4,0.09999999000000101,15
2023,United States Grand Prix,MAG,101.506,103.078285,3,0,55.0,0.1,0.5,0.09999999000000101,16
2023,United States Grand Prix,RIC,99.366,103.159387,3,0,55.0,0.1,0.4,0.09999999000000101,17
2023,United States Grand Prix,ALO,99.954,102.299309,3,0,47.0,0.1,0.8,0.21428566836735677,9
2023,United States Grand Prix,PIA,102.705,103.138125,1,0,9.0,0.1,0.75,0.09999999000000101,6
2023,United States Grand Prix,OCO,104.789,104.789,1,0,2.0,0.1,0.7,0.09999999000000101,7
2023,United States Grand Prix,HAM,99.582,101.479148,3,0,56.0,0.1,0.9,0.2727271983471277,2
2023,United States Grand Prix,LEC,101.025,102.238727,2,0,56.0,0.1,0.85,0.16666663888889352,6
2023,Mexico City Grand Prix,VER,81.644,82.819569,3,0,71.0,0.1,0.5,0.599999640000216,1
2023,Mexico City Grand Prix,GAS,83.23,84.299666,3,0,71.0,0.1,0.7,0.09999999000000101,11
2023,Mexico City Grand Prix,ALO,83.531,85.102472,3,0,46.0,0.1,0.8,0.21428566836735677,17
2023,Mexico City Grand Prix,LEC,82.332,83.275857,2,0,71.0,0.1,0.85,0.16666663888889352,3
2023,Mexico City Grand Prix,STR,83.257,84.540363,2,0,65.0,0.1,0.8,0.09999999000000101,14
2023,Mexico City Grand Prix,SAR,83.003,84.4285,3,0,70.0,0.1,0.5,0.09999999000000101,12
2023,Mexico City Grand Prix,MAG,83.146,84.952222,2,0,31.0,0.1,0.5,0.09999999000000101,16
2023,Mexico City Grand Prix,TSU,82.501,84.010741,3,0,71.0,0.1,0.4,0.09999999000000101,13
2023,Mexico City Grand Prix,ALB,82.773,84.2204,2,0,71.0,0.1,0.5,0.09999999000000101,9
2023,Mexico City Grand Prix,ZHO,83.567,84.567603,3,0,71.0,0.1,0.4,0.09999999000000101,16
2023,Mexico City Grand Prix,HUL,83.222,84.407016,3,0,69.0,0.1,0.5,0.09999999000000101,12
2023,Mexico City Grand Prix,RIC,82.679,83.696222,3,0,71.0,0.1,0.4,0.09999999000000101,7
2023,Mexico City Grand Prix,OCO,82.976,84.535548,2,0,71.0,0.1,0.7,0.09999999000000101,10
2023,Mexico City Grand Prix,NOR,81.944,83.461904,3,0,71.0,0.1,0.75,0.09999999000000101,5
2023,Mexico City Grand Prix,HAM,81.334,83.210703,3,0,71.0,0.1,0.9,0.2727271983471277,2
2023,Mexico City Grand Prix,SAI,82.539,83.43492,3,0,71.0,0.1,0.85,0.11111109876543349,4
2023,Mexico City Grand Prix,RUS,82.78,83.698619,3,0,71.0,0.1,0.9,0.29999991000002696,6
2023,Mexico City Grand Prix,BOT,83.166,84.596245,2,0,70.0,0.1,0.4,0.09999999000000101,15
2023,Mexico City Grand Prix,PIA,82.76,83.679904,3,0,71.0,0.1,0.75,0.09999999000000101,8
2023,São Paulo Grand Prix,VER,73.422,75.303952,3,0,71.0,0.1,0.5,0.599999640000216,1
2023,São Paulo Grand Prix,NOR,72.486,75.384047,3,0,71.0,0.1,0.75,0.09999999000000101,2
2023,São Paulo Grand Prix,ALO,74.442,75.759936,3,0,71.0,0.1,0.8,0.21428566836735677,3
2023,São Paulo Grand Prix,PER,74.124,75.738841,3,0,71.0,0.1,0.5,0.09999999000000101,4
2023,São Paulo Grand Prix,STR,74.007,75.842111,3,0,71.0,0.1,0.8,0.09999999000000101,5
2023,São Paulo Grand Prix,SAI,74.406,75.996031,3,0,71.0,0.1,0.85,0.11111109876543349,6
2023,São Paulo Grand Prix,GAS,74.521,75.977508,3,0,71.0,0.1,0.7,0.09999999000000101,7
2023,São Paulo Grand Prix,HAM,74.739,76.139774,3,0,71.0,0.1,0.9,0.2727271983471277,8
2023,São Paulo Grand Prix,TSU,74.231,76.088887,3,0,71.0,0.1,0.4,0.09999999000000101,9
2023,São Paulo Grand Prix,OCO,74.206,76.139406,4,0,70.0,0.1,0.7,0.09999999000000101,10
2023,São Paulo Grand Prix,SAR,75.738,76.5375,3,0,70.0,0.1,0.5,0.09999999000000101,11
2023,São Paulo Grand Prix,HUL,75.036,76.318551,3,0,70.0,0.1,0.5,0.09999999000000101,12
2023,São Paulo Grand Prix,RIC,73.866,75.996627,3,0,70.0,0.1,0.4,0.09999999000000101,13
2023,São Paulo Grand Prix,PIA,74.31,76.13507,3,0,69.0,0.1,0.75,0.09999999000000101,14
2023,São Paulo Grand Prix,RUS,74.934,76.541,3,0,56.0,0.1,0.9,0.29999991000002696,9
2023,São Paulo Grand Prix,BOT,75.731,76.87023,2,0,35.0,0.1,0.4,0.09999999000000101,10
2023,São Paulo Grand Prix,ZHO,76.232,76.9575,2,0,21.0,0.1,0.4,0.09999999000000101,14
2023,Las Vegas Grand Prix,VER,95.614,97.676,3,0,50.0,0.1,0.5,0.599999640000216,1
2023,Las Vegas Grand Prix,GAS,96.913,98.736394,2,0,50.0,0.1,0.7,0.09999999000000101,11
2023,Las Vegas Grand Prix,PER,95.939,97.77385,2,0,50.0,0.1,0.5,0.09999999000000101,3
2023,Las Vegas Grand Prix,ALO,96.559,98.7581,2,0,50.0,0.1,0.8,0.21428566836735677,9
2023,Las Vegas Grand Prix,LEC,95.669,97.798897,2,0,50.0,0.1,0.85,0.16666663888889352,2
2023,Las Vegas Grand Prix,STR,96.584,98.379769,2,0,50.0,0.1,0.8,0.09999999000000101,6
2023,Las Vegas Grand Prix,SAR,97.74,99.133,2,0,50.0,0.1,0.5,0.09999999000000101,16
2023,Las Vegas Grand Prix,MAG,97.455,99.161973,3,0,50.0,0.1,0.5,0.09999999000000101,13
2023,Las Vegas Grand Prix,TSU,97.587,99.7209,3,0,46.0,0.1,0.4,0.09999999000000101,17
2023,Las Vegas Grand Prix,ALB,97.357,99.010526,2,0,50.0,0.1,0.5,0.09999999000000101,12
2023,Las Vegas Grand Prix,ZHO,97.375,99.5942,2,0,50.0,0.1,0.4,0.09999999000000101,15
2023,Las Vegas Grand Prix,HUL,97.565,99.355272,3,0,45.0,0.1,0.5,0.09999999000000101,15
2023,Las Vegas Grand Prix,RIC,97.108,99.338702,2,0,50.0,0.1,0.4,0.09999999000000101,14
2023,Las Vegas Grand Prix,OCO,96.637,98.3185,2,0,50.0,0.1,0.7,0.09999999000000101,5
2023,Las Vegas Grand Prix,HAM,95.716,98.262815,3,0,50.0,0.1,0.9,0.2727271983471277,8
2023,Las Vegas Grand Prix,SAI,95.984,98.5636,2,0,50.0,0.1,0.85,0.11111109876543349,7
2023,Las Vegas Grand Prix,RUS,96.071,98.256871,3,0,50.0,0.1,0.9,0.29999991000002696,4
2023,Las Vegas Grand Prix,BOT,97.562,100.553885,2,0,50.0,0.1,0.4,0.09999999000000101,17
2023,Las Vegas Grand Prix,PIA,95.49,98.075,3,0,50.0,0.1,0.75,0.09999999000000101,10
2023,Abu Dhabi Grand Prix,VER,86.993,89.361892,3,0,58.0,0.1,0.5,0.599999640000216,1
2023,Abu Dhabi Grand Prix,LEC,88.199,89.606109,3,0,58.0,0.1,0.85,0.16666663888889352,3
2023,Abu Dhabi Grand Prix,RUS,88.187,89.624181,3,0,58.0,0.1,0.9,0.29999991000002696,4
2023,Abu Dhabi Grand Prix,PER,87.493,89.462333,3,0,58.0,0.1,0.5,0.09999999000000101,2
2023,Abu Dhabi Grand Prix,NOR,88.164,89.667309,3,0,58.0,0.1,0.75,0.09999999000000101,5
2023,Abu Dhabi Grand Prix,PIA,88.138,89.865672,3,0,58.0,0.1,0.75,0.09999999000000101,6
2023,Abu Dhabi Grand Prix,ALO,88.256,89.859814,3,0,58.0,0.1,0.8,0.21428566836735677,7
2023,Abu Dhabi Grand Prix,TSU,89.256,90.354875,2,0,58.0,0.1,0.4,0.09999999000000101,8
2023,Abu Dhabi Grand Prix,HAM,88.372,89.936185,3,0,58.0,0.1,0.9,0.2727271983471277,9
2023,Abu Dhabi Grand Prix,STR,88.05,90.224072,3,0,58.0,0.1,0.8,0.09999999000000101,10
2023,Abu Dhabi Grand Prix,RIC,88.571,90.156163,3,0,58.0,0.1,0.4,0.09999999000000101,11
2023,Abu Dhabi Grand Prix,OCO,90.033,90.663963,2,0,58.0,0.1,0.7,0.09999999000000101,12
2023,Abu Dhabi Grand Prix,GAS,89.016,90.350611,3,0,58.0,0.1,0.7,0.09999999000000101,13
2023,Abu Dhabi Grand Prix,ALB,87.845,90.302924,3,0,58.0,0.1,0.5,0.09999999000000101,14
2023,Abu Dhabi Grand Prix,HUL,89.217,90.599425,3,0,58.0,0.1,0.5,0.09999999000000101,15
2023,Abu Dhabi Grand Prix,SAR,88.58,90.528754,3,0,58.0,0.1,0.5,0.09999999000000101,16
2023,Abu Dhabi Grand Prix,ZHO,88.746,90.627574,3,0,58.0,0.1,0.4,0.09999999000000101,17
2023,Abu Dhabi Grand Prix,SAI,89.452,90.519962,2,0,56.0,0.1,0.85,0.11111109876543349,11
2023,Abu Dhabi Grand Prix,BOT,89.863,91.251018,2,0,57.0,0.1,0.4,0.09999999000000101,19
2023,Abu Dhabi Grand Prix,MAG,89.934,90.871557,3,0,57.0,0.1,0.5,0.09999999000000101,20
